<?xml version="1.0" encoding="utf-8"?>
<lint>
    <issue id="InflateParams" severity="ignore" />
    <issue id="MissingTranslation" severity="ignore" />
    <issue id="OldTargetApi" severity="ignore" />
    <issue id="TypographyDashes">
        <ignore path="res/values/consts.xml" />
    </issue>
    <issue id="UnusedAttribute">
        <ignore path="AndroidManifest.xml" />
    </issue>
    <issue id="ValidFragment">
        <ignore path="src/br/com/vansfragments/TimesSquareListFragment.java" />
    </issue>
</lint>